DATE,CPALTT01USQ657N
19550401,0.0
19550701,0.49937578027465
19551001,0.1242236024844769
19560101,-0.248138957816374
19560401,0.87064676616915
19560701,1.2330456226880502
19561001,0.609013398294749
19570101,0.6053268765133399
19570401,1.08303249097471
19570701,1.07142857142856
19571001,0.2355712603062399
19580101,1.05757931844888
19580401,0.8139534883721
19580701,0.1153402537485509
19581001,0.0
19590101,0.0
19590401,0.34562211981567
19590701,0.688863375430543
19591001,0.57012542759408
19600101,-0.11337868480726
19600401,0.567536889897842
19600701,0.225733634311521
19601001,0.6756756756756669
19610101,0.0
19610401,0.0
19610701,0.559284116331084
19611001,0.1112347052280459
19620101,0.22222222222223
19620401,0.44345898004434
19620701,0.441501103752776
19621001,0.219780219780206
19630101,0.109649122807011
19630401,0.32858707557505
19630701,0.545851528384267
19631001,0.434310532030396
19640101,0.2162162162162239
19640401,0.107874865156433
19640701,0.431034482758615
19641001,0.3218884120171469
19650101,0.213903743315495
19650401,0.747065101387424
19650701,0.423728813559317
19651001,0.421940928270037
19660101,0.735294117647076
19660401,1.14702815432742
19660701,0.927835051546396
19661001,0.8171603677221758
19670101,0.1013171225937119
19670401,0.8097165991902741
19670701,0.9036144578313292
19671001,0.8955223880597049
19680101,1.18343195266273
19680401,0.97465886939569
19680701,1.35135135135136
19681001,1.14285714285715
19690101,1.2241054613935802
19690401,1.6744186046511698
19690701,1.46386093321134
19691001,1.4427412082957802
19700101,1.33333333333332
19700401,1.6666666666666698
19700701,1.1216566005177
19701001,1.36518771331058
19710101,0.7575757575757441
19710401,1.08604845446951
19710701,1.07438016528926
19711001,0.490596892886347
19720101,0.7323026851098481
19720401,0.8077544426494169
19720701,0.961538461538466
19721001,0.952380952380956
19730101,1.25786163522014
19730401,2.25155279503106
19730701,2.20197418375095
19731001,2.30312035661217
19740101,2.8322440087146097
19740401,2.82485875706214
19740701,3.02197802197801
19741001,3.0000000000000298
19750101,1.81229773462782
19750401,1.5257469802924402
19750701,2.12899185973701
19751001,1.59411404046596
19760101,0.9656004828002528
19760401,1.2552301255229898
19760701,1.5938606847697698
19761001,1.1621150493899
19770101,1.72314761631245
19770401,2.20214568040657
19770701,1.43646408839779
19771001,1.0893246187364
19780101,1.72413793103446
19780401,2.5423728813559396
19780701,2.3760330578512403
19781001,2.01816347124117
19790101,2.47279920870426
19790401,3.47490347490347
19790701,3.31156716417911
19791001,2.84424379232503
19800101,3.95083406496929
19800401,3.67398648648648
19800701,1.83299389002036
19801001,2.64
19810101,2.6500389711613597
19810401,2.31586940015187
19810701,2.82003710575138
19811001,1.44352219415375
19820101,0.8182141586623679
19820401,1.5172900494001498
19820701,1.87695516162669
19821001,0.238826339133394
19830101,-0.0680735194009623
19830401,1.26021798365126
19830701,1.17726202489066
19831001,0.8976063829787271
19840101,1.12026359143327
19840401,1.07526881720431
19840701,1.09606705351386
19841001,0.733418367346963
19850101,0.633111744222854
19850401,1.2268008807801
19850701,0.7147296457427209
19851001,0.8947855600123291
19860101,0.2140672782874789
19860401,-0.213610009154732
19860701,0.7339449541284441
19861001,0.5464480874316839
19870101,1.11714975845412
19870401,1.3138250223947598
19870701,1.14942528735629
19871001,0.8449883449883449
19880101,0.60676105171917
19880401,1.26364158529581
19880701,1.33295519001702
19881001,1.0355443604814
19890101,1.10803324099723
19890401,1.6438356164383603
19890701,0.808625336927206
19891001,0.96256684491979
19900101,1.72139830508475
19900401,1.0153605831814598
19900701,1.72680412371135
19901001,1.62148467190269
19910101,0.822737471952145
19910401,0.5934718100890041
19910701,0.7866273352999109
19911001,0.756097560975636
19920101,0.7020091987412049
19920401,0.8173076923076891
19920701,0.786838340486422
19921001,0.7097232079488841
19930101,0.8456659619450171
19930401,0.768693221523423
19930701,0.392972723069827
19931001,0.690766751093699
19940101,0.640292705236676
19940401,0.636219041127031
19940701,0.8805599458117079
19941001,0.4700089525514699
19950101,0.82423702383605
19950401,0.8837825894829671
19950701,0.438020148926858
19951001,0.4797208896641921
19960101,0.911458333333337
19960401,0.989247311827955
19960701,0.532367972742765
19961001,0.7201864011861869
19970101,0.672975814931643
19970401,0.396908293294327
19970701,0.395339159384124
19971001,0.393782383419677
19980101,0.268373245251862
19980401,0.535309862054774
19980701,0.389105058365747
19981001,0.34679722562221
19990101,0.386257369384025
19990401,0.97205346294045
19990701,0.621740874448445
19991001,0.617899142914097
20000101,0.9904912836767128
20000401,1.05923891722244
20000701,0.7958074534161501
20001001,0.539187367610242
20010101,0.95767094426356
20010401,1.04344526655283
20010701,0.131430717236203
20011001,-0.281267579223725
20020101,0.3572771718691429
20020401,1.08675285741053
20020701,0.426320667284522
20021001,0.3137689184200949
20030101,1.01195952161911
20030401,0.3642987249544689
20030701,0.490018148820322
20031001,0.0180603214737247
20040101,0.90285301552908
20040401,1.43163922691483
20040701,0.352858151023281
20041001,0.597749648382558
20050101,0.629150646627056
20050401,1.33726988537686
20050701,1.21679520137104
20051001,0.507958008804608
20060101,0.539083557951489
20060401,1.69235924932974
20060701,0.560224089635865
20061001,-0.852039980337538
20070101,1.01917038506035
20070401,1.9173290885979304
20070701,0.275928711193016
20071001,0.7112145553268009
20080101,1.13677364185591
20080401,2.19534465606688
20080701,1.16305534624079
20081001,-2.82852942920165
20090101,-0.497633075000065
20090401,1.06030233709879
20090701,0.679071981630037
20091001,0.20118858880576
20100101,0.40141505360425
20100401,0.4750721516790429
20100701,0.0932504983551205
20101001,0.294916320739454
20110101,1.26482237514333
20110401,1.74331089219681
20110701,0.408517984250489
20111001,-0.152055770464975
20120101,0.7956386559205691
20120401,0.827531738138412
20120701,0.2193281479826689
20121001,0.0360404695392824
20130101,0.590329875755822
20130401,0.540980611864743
20130701,0.3779793413259539
20131001,-0.27906764611145
20140101,0.7612225296713879
20140401,1.18086781372786
20140701,0.114675844472626
20141001,-0.803351756605549
20150101,-0.543199001688326
20150401,1.2055956442996
20150701,0.262677373843337
20151001,-0.4498436877111129
20160101,0.064634065805905
20160401,1.1723505565470802
20160701,0.332681941074896
20161001,0.222574197162863
20170101,0.7907369629848109
20170401,0.5435177057500179
20170701,0.396615691380691
20171001,0.370629636262026
20180101,0.8861183797928001
20180401,1.03307556684511
20180701,0.327267567757511
20181001,-0.0574947362577725
20190101,0.335116034257493
20190401,1.1985132267461
20190701,0.274166007843393
20191001,0.213017997422981
20200101,0.419427421947102
20200401,-0.540035417236732
20200701,1.13148537465285
20201001,0.229950250160706
20210101,1.07311440024275
20210401,2.3397886944835298
20210701,1.6009753139137095
20211001,1.5177614267615402
20220101,2.28346447244157
20220401,2.97383289846637
20220701,1.3146621458422
20221001,0.367161275449672
20230101,1.0449065567158
20230401,1.19233217201163
20230701,0.8664265465993198
20231001,0.1045077381353352
20240101,1.0425755425039185
